{"cameraMode":{"drawMode":0,"name":"Shaded","section":"Shading Mode"},"sceneLighting":true,"audioPlay":false,"sceneViewState":{"showFog":true,"showMaterialUpdate":true,"showSkybox":true,"showFlares":true,"showImageEffects":true,"showParticleSystems":true},"in2DMode":false,"pivot":{"x":-0.8333398103713989,"y":1.306100845336914,"z":-2.377061605453491},"rotation":{"x":0.09708952903747559,"y":-0.5808077454566956,"z":0.0700329840183258,"w":0.8051903247833252},"size":7.186051368713379,"orthographic":true}