{"cameraMode":{"drawMode":0,"name":"Shaded","section":"Shading Mode"},"sceneLighting":true,"audioPlay":false,"sceneViewState":{"showFog":true,"showMaterialUpdate":true,"showSkybox":true,"showFlares":true,"showImageEffects":true,"showParticleSystems":true},"in2DMode":false,"pivot":{"x":-3.08984375,"y":6.4874267578125,"z":9.8680419921875},"rotation":{"x":-0.05332687869668007,"y":0.7597978115081787,"z":-0.06282594054937363,"w":-0.6449159383773804},"size":2.1786606311798097,"orthographic":true}