{"cameraMode":{"drawMode":0,"name":"Shaded","section":"Shading Mode"},"sceneLighting":true,"audioPlay":false,"sceneViewState":{"showFog":true,"showMaterialUpdate":true,"showSkybox":true,"showFlares":true,"showImageEffects":true,"showParticleSystems":true},"in2DMode":false,"pivot":{"x":43.64794158935547,"y":4.468601226806641,"z":8.862346649169922},"rotation":{"x":-0.03889504447579384,"y":0.9557338356971741,"z":-0.1478683054447174,"w":-0.2513863742351532},"size":12.358663558959961,"orthographic":true}