{"cameraMode":{"drawMode":0,"name":"Shaded","section":"Shading Mode"},"sceneLighting":true,"audioPlay":false,"sceneViewState":{"showFog":true,"showMaterialUpdate":true,"showSkybox":true,"showFlares":true,"showImageEffects":true,"showParticleSystems":true},"in2DMode":false,"pivot":{"x":23.64794158935547,"y":3.7686004638671877,"z":8.94234561920166},"rotation":{"x":0.18599970638751985,"y":0.5485471487045288,"z":-0.12670519948005677,"w":0.8052613735198975},"size":56.89604949951172,"orthographic":true}