{"cameraMode":{"drawMode":0,"name":"Shaded","section":"Shading Mode"},"sceneLighting":true,"audioPlay":false,"sceneViewState":{"showFog":true,"showMaterialUpdate":true,"showSkybox":true,"showFlares":true,"showImageEffects":true,"showParticleSystems":true},"in2DMode":false,"pivot":{"x":30.69794273376465,"y":5.222691535949707,"z":8.508749961853028},"rotation":{"x":-0.03805452957749367,"y":0.7481200098991394,"z":-0.04306387901306152,"w":-0.6610701680183411},"size":4.686915874481201,"orthographic":true}